{
  "criminal_justice": "Lincoln,Grand Island",
  "graphic_design": "Lincoln",
  "health_sciences": "Lincoln,Omaha,Grand Island",
  "human_relations": "Lincoln,Omaha,Grand Island",
  "info_systems": "Lincoln,Omaha",
  "liberal_arts": "Lincoln,Omaha,Grand Island",
  "rn_to_bsn": "Lincoln,Omaha,Grand Island",
  "organizational_comm": "Lincoln,Omaha,Grand Island",
  "paraleagal": "Lincoln",
  "accounting": "Lincoln,Omaha,Grand Island",
  "business": "Lincoln,Omaha,Grand Island",
  "public_admin": "Lincoln,Omaha,Grand Island",
  "arts_management": "Lincoln,Omaha,Grand Island,Online",
  "advanced_certification": "Lincoln",
  "counseling": "Lincoln,Omaha,Grand Island",
  "counseling_school": "Lincoln,Grand Island",
  "masters_education-instruction": "Lincoln,Omaha,Grand Island,Online",
  "masters_education-leadership": "Lincoln,Omaha,Grand Island",
  "english_language": "Lincoln,Grand Island",
  "childhood_teaching": "Lincoln,Grand Island",
  "k12_teaching_endorsement": "Lincoln,Grand Island",
  "special_education": "Lincoln,Grand Island",
  "reading_specialist": "Lincoln,Grand Island",
  "education_specialist": "Lincoln,Grand Island",
  "doctorate_education": "Lincoln"
}
